create database Grocery;
use Grocery;
show tables;

#Creating table for Customers:

create table Customers(Customer_id int primary key,user_id int, password varchar(50),Customer_name varchar(50));
insert into Customers(Customer_id,user_id,password,Customer_name) values
(2001,9001,"Kcmhnupr","Balaji"),
(2002,9002,"AbCdEf","Suresh"),
(2003,9003,"123mallaya","Philips"),
(2004,9004,"Raja@123","Lawrence"),
(2005,9005,"Tom@123","Tom"),
(2006,9006,"Deepak@123","Deepak Veera"),
(2007,9007,"Rajesh@123","Rajesh"),
(2008,9008,"Suresh@123","Suresh"),
(2009,9009,"Siva@123","Siva"),
(2010,9010,"Sadhana@123","Sadhana"),
(2011,9011,"Singam@123","Singam"),
(2012,9012,"Ramesh@123","Ramesh"),
(2013,9013,"Karan@123","Karan"),
(2014,9014,"Vel@123","Vel"),
(2015,9015,"Mahesh@123","Mahesh"),
(2016,9016,"Muthupandi@123","Muthupandi"),
(2017,9017,"Yogesh@123","Yogesh"),
(2018,9018,"Chandru@123","Chandru"),
(2019,9019,"Naveen@123","Naveen"),
(2020,9020,"Manick@123","Manick"),
(2021,9021,"Kasi@123","Kasi"),
(2022,9022,"Tamil@123","Tamil"),
(2023,9023,"Abinash@123","Abinash"),
(2024,9024,"Madhan@123","Madhan"),
(2025,9025,"Nagaraj@123","Nagaraj"),
(2026, 9026, "password1", "John Doe"),
(2027, 9027, "password2", "Jane Smith"),
(2028, 9028, "password3", "Michael Johnson"),
(2029, 9029, "password4", "Emily Davis"),
(2030, 9030, "password5", "Christopher Brown"),
(2031, 9031, "password6", "Jessica Wilson"),
(2032,9032,"password7","Cathy"),
(2033,9033,"passowrd8","Reni"),
(2034,9034,"password9","Andrea"),
(2035,9035,"password10","Josh");


#Creating table for Bank Accounts:

create table BankAccount(Account_id int primary key,Customer_id int,Bank_name varchar(50),Account_number varchar(10),constraint Bankname foreign key(Customer_id) references Customers(Customer_id));
 
 desc BankAccount;
 insert into BankAccount (Account_id,Customer_id,Bank_name,Account_number) values 
 (9876,2001,"Canara",9865316106),
 (9875,2002,"CUB",9632145870),
 (9874,2003,"KVB",9674310254),
 (9873,2004,"SBI",7453210698),
 (9872,2005,"IOB",7456312108),
 (9871,2006,"BOB",4569871230),
 (9870,2007,"Indian Bank",3698745210),
 (9877,2008,"CUB",1245789630),
 (9878,2009,"CUB",2568796477),
 (9879,2010,"SBI",6987456321),
 (9880,2011,"canara",4745680369),
 (9881,2012,"IOB",0000123654),
 (9882,2013,"SBI",0012478935),
 (9883,2014,"BOB",0078964235),
 (9884,2015,"CUB",7744553366),
 (9885,2016,"canara",4444777769),
 (9886,2017,"BOB",2222697846),
 (9887,2018,"SBI",3333687456),
 (9888,2019,"Indian Bank",4477881369),
 (9889,2020,"SBI",9745637856),
 (9090,2021,"Union Bank",5555935798),
 (9091,2022,"Indian Bank",3031363739),
 (9092,2023,"Canara",7474745464),
 (9093,2024,"Canara",6665957583),
 (9094,2025,"Indian Bank",9868381878),
(9095, 2026, "Bank of America", "1234567890"),
(9096, 2027, "Wells Fargo", "0987654321"),
(9097, 2028, "Chase Bank", "5678901234"),
(9098, 2029, "Citibank", "3456789012"),
(9099, 2030, "HSBC Bank", "7890123456"),
(9100, 2031, "TD Bank", "2345678901"),
(9101, 2032, "PNC Bank", "6789012345"),
(9102, 2033, "U.S. Bank", "8901234567"),
(9103, 2034, "Capital One", "4567890123"),
(9104, 2035, "Ally Bank", "9012345678");

 #Creating table for Items:
 
 create table Items(Item_id int primary key,Item_name varchar(50),Item_discription varchar(50),price int,Class_id int,constraint ClassID foreign key (Class_id) references ItemClasses(Class_id));
 insert into Items(Item_id,Item_name,Item_discription,price,class_id) values
	(1, "Apple", "Fresh and juicy apple", 100,1),
    (2, 'Banana', "Ripe and nutritious banana", 49,2),
    (3, "Orange", "Sweet and tangy orange", 79,3),
    (4, "Carrot", "Crisp and crunchy carrot",69,4),
    (5, "Lettuce", "Fresh green lettuce", 29,5),
    (6, "Tomato", "Ripe and plump tomato", 89,6),
    (7, "Potato", "Versatile and starchy potato", 59,7),
    (8, "Onion", "Flavorful and aromatic onion", 49,8),
    (9, "Pencil", "Wooden pencil HB", 25,9),
    (10, "Pen", "Blue ballpoint pen", 49,10),
    (11, "Notebook", "College-ruled spiral notebook", 99,11),
    (12, "Eraser", "White vinyl eraser", 15,12),
    (13, "Ruler", "12-inch plastic ruler", 99,13),
    (14, "Glue Stick", "Washable glue stick", 99,14),
    (15, "Highlighter", "Yellow chisel-tip highlighter", 129,15),
    (16, "Stapler", "Desktop stapler with staples", 249,16),
    (17, "Paper Clips", "Assorted color paper clips", 99,17),
    (18, "Scissors", "Stainless steel scissors", 399,18),
    (19, "Cucumber", "Fresh and crisp cucumber", 79,19),
    (20, "Spinach", "Nutrient-rich spinach leaves", 149,20),
    (21, "Watermelon", "Juicy and refreshing watermelon", 199,21),
    (22, "Strawberries", "Sweet and succulent strawberries", 149,22),
    (23, "Mango", "Ripe and aromatic mango", 169,23),
    (24, "Bell Pepper", "Colorful bell pepper", 179,24),
    (25, "Cauliflower", "Fresh cauliflower head", 189,25),
    (26, "Binder", "Three-ring binder", 69,26),
    (27, "Marker Set", "Assorted color marker set", 459,27),
    (28, "Tape Dispenser", "Desktop tape dispenser", 109,28),
    (29, "Correction Fluid", "Quick-dry correction fluid", 19,29),
    (30, "Folder", "Assorted color file folder", 99,30),
    (31,"Rice","For Healthy",59,31),
    (32,"Wheet","Full of Fiber",30,32),
    (33,"Milk","White And Strength",25,33),
    (34,"Curd","For Refreshment",19,34),
    (35,"Choya","Protin for Body",16,35);
    
   
 show tables;
 
 #Creating table for ItemClasses
 
 create table ItemClasses(Class_id int primary key,Class_name varchar(50));
 
insert into ItemClasses(class_id,Class_name) values 
	(1,"Fruit"),
    (2, "Fruit" ),
    (3, "Fruit"),
    (4, "Vegetable"),
    (5, "Vegetable" ),
    (6, "Vegetable"),
    (7, "Vegetable"),
    (8, "Vegetable"),
    (9, "Stationery"),
    (10, "Stationery"),
    (11, "Stationery"),
    (12, "Stationery"),
    (13, "Stationery"),
    (14, "Stationery"),
    (15, "Stationery"),
    (16, "Stationery"),
    (17, "Stationery"),
    (18, "Stationery"),
    (19, "Vegetable"),
    (20, "Vegetable"),
    (21, "Fruit"),
    (22, "Fruit"),
    (23, "Fruit"),
    (24, "Fruit"),
    (25, "Vegetable"),
    (26, "Stationery"),
    (27, "Stationery"),
    (28, "Stationery"),
    (29, "Stationery"),
    (30, "Stationery"),
    (31,"Grocery"),
    (32,"Grocery"),
    (33,"Grocery"),
    (34,"Grocery"),
    (35,"Grocery");
   
   #Creating table for Orders
   
   create table Orders(Order_id int primary key,Customer_id int,Order_date date,constraint CustomerId foreign key (Customer_id) references Customers(Customer_id ));
   insert into Orders(Order_id,Customer_id,Order_date) values
(1, 2001, '2024-01-01'),
(2, 2002, '2024-01-02'),
(3, 2003, '2024-01-03'),
(4, 2004, '2024-01-04'),
(5, 2005, '2024-01-05'),
(6, 2006, '2024-01-06'),
(7, 2007, '2024-01-07'),
(8, 2008, '2024-01-08'),
(9, 2009, '2024-01-09'),
(10, 2010, '2024-01-10'),
(11, 2011, '2024-01-11'),
(12, 2012, '2024-01-12'),
(13, 2013, '2024-01-13'),
(14, 2014, '2024-01-14'),
(15, 2015, '2024-01-15'),
(16, 2016, '2024-01-16'),
(17, 2017, '2024-01-17'),
(18, 2018, '2024-01-18'),
(19, 2019, '2024-01-19'),
(20, 2020, '2024-01-20'),
(21, 2021, '2024-01-21'),
(22, 2022, '2024-01-22'),
(23, 2023, '2024-01-23'),
(24, 2024, '2024-01-24'),
(25, 2025, '2024-01-25'),
(26, 2026, '2024-01-26'),
(27, 2027, '2024-01-27'),
(28, 2028, '2024-01-28'),
(29, 2029, '2024-01-29'),
(30, 2030, '2024-01-30'),
(31, 2031, '2024-01-31'),
(32, 2032, '2024-03-06'),
(33, 2033, '2024-03-06'),
(34, 2034, '2024-03-06'),
(35, 2035, '2024-03-06');



#Creating table for OrderDetails

Create table OrderDetails(Order_detail_id int primary key,Order_id int,Item_id int,Quantity int,constraint OrderId foreign key (Order_id) references Orders(Order_id),constraint ItemId foreign key (Item_id) references Items(Item_id));
insert into OrderDetails(Order_detail_id,Order_id,Item_id,Quantity) values
	(1,1,1,1),
    (2,2,2,1),
    (3,3,3,4),
    (4,4,4,2),
    (5,5,5,1),
    (6,6,6,1),
    (7,7,7,1),
    (8,8,8,1),
    (9,9,9,5),
    (10,10,10,2),
    (11,11,11,7),
    (12,12,12,1),
    (13,13,13,1),
    (14,14,14,1),
    (15,15,15,2),
    (16,16,16,1),
    (17,17,17,1),
    (18,18,18,1),
    (19,19,19,3),
    (20,20,20,6),
    (21,21,21,10),
    (22,22,22,1),
    (23,23,23,5),
    (24,25,25,1),
    (25,25,25,1),
    (26,26,26,6),
    (27,27,27,1),
    (28,28,28,3),
    (29,29,29,1),
    (30,30,30,5),
    (31,31,31,26),
    (32,32,32,10),
    (33,33,33,5),
    (34,34,34,2),
    (35,35,35,3);
	


#Creating table for Discounts

Create table Discounts(Discount_id int primary key,Discount_name varchar(60),Discount_percentage int);

insert into Discounts(Discount_id,Discount_name,Discount_percentage) values
(1, "Spring Sale", 40),
(2, "Summer Discount", 45),
(3, "Back to School Sale", 50),
(4, "Labor Day Promotion", 40),
(5, "Autumn Clearance", 55),
(6, "Halloween Special", 45),
(7, "Black Friday Blowout", 50),
(8, "Cyber Monday Deals", 45),
(9, "Holiday Extravaganza", 40),
(10, "Winter Wonderland Sale", 50),
(11, "New Year Bonanza", 45),
(12, "Valentine's Day Offer", 40),
(13, "President's Day Sale", 50),
(14, "Spring Forward Savings", 45),
(15, "Easter Weekend Discounts", 40),
(16, "Mother's Day Specials", 50),
(17, "Memorial Day Madness", 45),
(18, "Father's Day Deals", 40),
(19, "Independence Day Blowout", 55),
(20, "Mid-Summer Clearance", 45),
(21, "Back to School Bonanza", 40),
(22, "Labor Day Spectacular", 50),
(23, "Fall Forward Discounts", 45),
(24, "Halloween Spooktacular", 40),
(25, "Veteran's Day Sale", 50),
(26, "Black Friday Frenzy", 55),
(27, "Cyber Monday Madness", 45),
(28, "Holiday Cheer Discounts", 40),
(29, "Winter Warm-Up Sale", 50),
(30, "New Year New Savings", 45),
(31, "Valentine's Sweetheart Deals", 40),
(32, "President's Day Blowout", 50),
(33, "Spring Forward Specials", 45),
(34, "Easter Eggstravaganza", 40),
(35, "Mother's Day Extravaganza", 50);
 
 #Creating table for Bills
 
 create table Bills(Bill_id int primary key,Order_id int,Total_amount int,Discount_id int,constraint OrderID1 foreign key (Order_id) references Orders(Order_id),constraint DiscountID foreign key (Discount_id) references Discounts(Discount_id));

 insert into Bills(Bill_id,Order_id,Total_amount,Discount_id) values
    (1, 1, 100.00, 1),
    (2, 2, 150.00, 2),
    (3, 3, 200.00, 3),
    (4, 4, 125.00, 4),
    (5, 5, 175.00, 5),
    (6, 6, 90.00, 6),
    (7, 7, 135.00, 7),
    (8, 8, 180.00, 8),
    (9, 9, 110.00, 9),
    (10, 10, 95.00, 10),
    (11, 11, 200.00, 11),
    (12, 12, 150.00, 12),
    (13, 13, 120.00, 13),
    (14, 14, 170.00, 14),
    (15, 15, 185.00, 15),
    (16, 16, 105.00, 16),
    (17, 17, 140.00, 17),
    (18, 18, 130.00, 18),
    (19, 19, 160.00, 19),
    (20, 20, 175.00, 20),
    (21, 21, 90.00, 21),
    (22, 22, 145.00, 22),
    (23, 23, 200.00, 23),
    (24, 24, 95.00, 24),
    (25, 25, 105.00, 25),
    (26, 26, 115.00, 26),
    (27, 27, 170.00, 27),
    (28, 28, 180.00, 28),
    (29, 29, 135.00, 29),
    (30, 30, 165.00, 30),
    (31, 31, 140.00, 31),
    (32, 32, 125.00, 32),
    (33, 33, 200.00, 33),
    (34, 34, 150.00, 34),
    (35, 35, 100.00, 35);
 
 # creating table for suppliers 
 
create table Suppliers(Supplier_id int primary key,Supplier_name varchar(50)); 

insert into Suppliers(Supplier_id,Supplier_name) values
	(1, "ABC Company"),
    (2, "XYZ Corporation"),
    (3, "Smith Enterprises"),
    (4, "Johnson Manufacturing"),
    (5, "Miller & Sons"),
    (6, "Wilson Industries"),
    (7, "Brown Co."),
    (8, "Taylor Group"),
    (9, "Clark Enterprises"),
    (10, "Lewis Corporation"),
    (11, "Anderson & Sons"),
    (12, "White Manufacturing"),
    (13, "Harris Co."),
    (14, "Martin Group"),
    (15, "Thompson Enterprises"),
    (16, "Garcia Corporation"),
    (17, "Martinez & Sons"),
    (18, "Robinson Co."),
    (19, "Clarkson Manufacturing"),
    (20, "Carter & Sons"),
    (21, "Hill Enterprises"),
    (22, "Scott Corporation"),
    (23, "Green Co."),
    (24, "Adams Group"),
    (25, "Baker Enterprises"),
    (26, "Gonzalez Corporation"),
    (27, "Nelson & Sons"),
    (28, "Carter Co."),
    (29, "Mitchell Manufacturing"),
    (30, "Perez Group"),
    (31, "Roberts Enterprises"),
    (32, "Turner Corporation"),
    (33, "Phillips & Sons"),
    (34, "Campbell Co."),
    (35, "Evans Manufacturing");
    
    #Creating table for  SupplierItems
    
    Create table SupplierItems(Supplier_item_id int primary key,Supplier_id int,Item_id int, constraint SupplierId foreign key (Supplier_id) references Suppliers(Supplier_id),constraint ItemId1 foreign key (Item_id) references Items(Item_id));
    
    insert into SupplierItems(Supplier_item_id,Supplier_id,Item_id) values
    (1001,1,1),
    (1002,2,2),
    (1003,3,3),
    (1004,4,4),
    (1005,5,5),
    (1006,6,6),
    (1007,7,7),
    (1008,8,8),
    (1009,9,9),
    (1010,10,10),
    (1011,11,11),
    (1012,12,12),
    (1013,13,13),
    (1014,14,14),
    (1015,15,15),
    (1016,16,16),
    (1017,17,17),
    (1018,18,18),
    (1019,19,19),
    (1020,20,20),
    (1021,21,21),
    (1022,22,22),
    (1023,23,23),
    (1024,24,24),
    (1025,25,25),
    (1026,26,26),
    (1027,27,27),
    (1028,28,28),
    (1029,29,29),
    (1030,30,30),
    (1031,31,31),
    (1032,32,32),
    (1033,33,33),
    (1034,34,34),
    (1035,35,35);